-- MySQL dump 10.13  Distrib 8.0.19, for Win64 (x86_64)
--
-- Host: localhost    Database: local_cinema
-- ------------------------------------------------------
-- Server version	8.0.44

/*!40101 SET @OLD_CHARACTER_SET_CLIENT=@@CHARACTER_SET_CLIENT */;
/*!40101 SET @OLD_CHARACTER_SET_RESULTS=@@CHARACTER_SET_RESULTS */;
/*!40101 SET @OLD_COLLATION_CONNECTION=@@COLLATION_CONNECTION */;
/*!50503 SET NAMES utf8mb4 */;
/*!40103 SET @OLD_TIME_ZONE=@@TIME_ZONE */;
/*!40103 SET TIME_ZONE='+00:00' */;
/*!40014 SET @OLD_UNIQUE_CHECKS=@@UNIQUE_CHECKS, UNIQUE_CHECKS=0 */;
/*!40014 SET @OLD_FOREIGN_KEY_CHECKS=@@FOREIGN_KEY_CHECKS, FOREIGN_KEY_CHECKS=0 */;
/*!40101 SET @OLD_SQL_MODE=@@SQL_MODE, SQL_MODE='NO_AUTO_VALUE_ON_ZERO' */;
/*!40111 SET @OLD_SQL_NOTES=@@SQL_NOTES, SQL_NOTES=0 */;

--
-- Table structure for table `haswatched`
--

DROP TABLE IF EXISTS `haswatched`;
/*!40101 SET @saved_cs_client     = @@character_set_client */;
/*!50503 SET character_set_client = utf8mb4 */;
CREATE TABLE `haswatched` (
  `id` int NOT NULL AUTO_INCREMENT,
  `user_id` int DEFAULT NULL,
  `title_id` int DEFAULT NULL,
  `watch_date` date NOT NULL,
  `watch_count` int NOT NULL,
  `user_comment` text,
  `user_stars` enum('1','2','3','4','5') DEFAULT NULL,
  `series_id` int DEFAULT NULL,
  PRIMARY KEY (`id`),
  KEY `user_id` (`user_id`),
  KEY `title_id` (`title_id`),
  KEY `series_id` (`series_id`),
  CONSTRAINT `haswatched_ibfk_1` FOREIGN KEY (`user_id`) REFERENCES `users` (`id`),
  CONSTRAINT `haswatched_ibfk_2` FOREIGN KEY (`title_id`) REFERENCES `titles` (`id`),
  CONSTRAINT `haswatched_ibfk_3` FOREIGN KEY (`series_id`) REFERENCES `series` (`series_id`)
) ENGINE=InnoDB AUTO_INCREMENT=34 DEFAULT CHARSET=utf8mb4 COLLATE=utf8mb4_0900_ai_ci;
/*!40101 SET character_set_client = @saved_cs_client */;

--
-- Dumping data for table `haswatched`
--

LOCK TABLES `haswatched` WRITE;
/*!40000 ALTER TABLE `haswatched` DISABLE KEYS */;
INSERT INTO `haswatched` VALUES (1,1,172,'2025-12-01',1,'Typical Sci Fi movie from 80s/90s it was worth watching','3',NULL),(2,1,173,'2025-12-04',1,'An average horror movie','3',NULL),(3,1,7563,'2025-12-14',1,'I am still preferring the 40s version','3',NULL),(4,1,7564,'2025-12-17',1,'Amazing, its perfect','5',NULL),(5,1,7565,'2025-12-23',1,'Not so good','3',NULL),(6,1,131,'2025-12-23',3,'Love it','4',NULL),(7,1,117,'2024-01-01',1,'Love it, but could have been better and I have forgotten the exact day I watched it','4',NULL),(8,1,116,'2024-01-01',1,'Love it','4',NULL),(9,1,134,'2024-01-01',1,'Love it','4',NULL),(10,1,226,'2024-01-01',1,'Must have watched lots of time, but never in english','5',NULL),(11,1,127,'2024-01-01',1,'Love it','4',NULL),(12,2,119,'2025-12-28',1,'Um clássico!','5',NULL),(13,2,6,'2025-05-28',1,'Muito bom, hostei','3',NULL),(14,2,203,'2020-12-28',1,'Não entendi nada','5',NULL),(15,5,42,'2024-01-01',1,'Muito legal','4',NULL),(16,5,13,'2025-12-28',1,'Muito bom','5',NULL),(17,3,8,'2020-09-30',1,'loved to see it in  the cinema','4',NULL),(18,3,46,'2024-12-20',1,'Very interesting','4',NULL),(19,4,4694,'2025-12-28',1,'One of the best movies of all time','5',NULL),(20,4,143,'2025-12-28',1,'Liked it very much','5',NULL),(21,1,NULL,'2025-12-25',1,'<3','4',22),(22,1,7567,'2025-12-30',2,'has some positive and negative points, its worth watching but not surpass the olders','3',NULL),(23,1,7566,'2025-12-31',1,'It was good to watch','4',NULL),(24,1,529,'2025-12-29',1,'Sci-fi combined with action, great movie','5',NULL),(25,1,227,'2025-12-28',1,'One of my favorites','5',NULL),(30,1,7569,'2026-01-04',1,'it was interesting, way better than alien 3','3',NULL),(31,1,7572,'2026-01-03',1,'The worst of the series','2',NULL),(32,1,7571,'2026-01-02',1,'Cool but following the same premise','4',NULL),(33,1,7566,'2026-01-01',1,'Cool','4',NULL);
/*!40000 ALTER TABLE `haswatched` ENABLE KEYS */;
UNLOCK TABLES;

--
-- Table structure for table `series`
--

DROP TABLE IF EXISTS `series`;
/*!40101 SET @saved_cs_client     = @@character_set_client */;
/*!50503 SET character_set_client = utf8mb4 */;
CREATE TABLE `series` (
  `series_id` int NOT NULL AUTO_INCREMENT,
  `series_name` varchar(50) NOT NULL,
  `creator` varchar(50) DEFAULT NULL,
  `genre` varchar(255) DEFAULT NULL,
  `year_release` year NOT NULL,
  `stars` enum('1','2','3','4','5') NOT NULL,
  `user_comment` text NOT NULL,
  `seasons` int NOT NULL,
  `episodes` int NOT NULL,
  `season_ended` enum('YES','NO') NOT NULL DEFAULT 'NO',
  PRIMARY KEY (`series_id`),
  UNIQUE KEY `series_name` (`series_name`)
) ENGINE=InnoDB AUTO_INCREMENT=24 DEFAULT CHARSET=utf8mb4 COLLATE=utf8mb4_0900_ai_ci;
/*!40101 SET character_set_client = @saved_cs_client */;

--
-- Dumping data for table `series`
--

LOCK TABLES `series` WRITE;
/*!40000 ALTER TABLE `series` DISABLE KEYS */;
INSERT INTO `series` VALUES (12,'Alien: Earth','Noah Hawley','Sci Fi/Horror/Thriller/Slasher',2025,'4','It seems to have been made for me, love it.',0,0,'YES'),(13,'True Detective','Nic Pizzolatto/Issa López','Crime',2014,'1','',0,0,'YES'),(14,'The Outer Limits','Leslie Stevens','Sci Fi',1995,'1','',0,0,'YES'),(15,'The Simpsons','Matt Groening/James L. Brooks/Sam Simon','Animation',1989,'1','',0,0,'NO'),(16,'The X Files','Chris Carter','Sci Fi/Crime',1993,'1','',0,0,'YES'),(17,'Millennium','Chris Carter','Sci Fi/Crime',1996,'1','',0,0,'YES'),(18,'Lost','J.J. Abrams/Jeffrey Lieber/Damon Lindelof','Sci Fi/Drama/Mystery/Adventure',2004,'1','',0,0,'YES'),(19,'The Walking Dead','Frank Darabont','Apocalyptic/Zombie/Zombie Drama/Horror/Thruller/Dystopian',2010,'1','',0,0,'YES'),(20,'Breaking Bad','Vince Gilligan','Sci Fi/Drama/Crime',2008,'1','',0,0,'YES'),(21,'Game Of Thrones','David Benioff/D.B. Weiss','Epic/Fantasy/Dark Fantasy/Drama',2011,'1','',0,0,'YES'),(22,'Pluribus','Vince Gilligan','Dystopian Sci Fi/Sci Fi',2025,'4','Great, although somethimes it seems nothing is happening (slow progress)',1,9,'YES'),(23,'It: Welcome to Derry','Jason Fuchs, Andy Muschietti, Barbara Muschietti','Horror/Thriller',2025,'4','It was worth watching',1,8,'YES');
/*!40000 ALTER TABLE `series` ENABLE KEYS */;
UNLOCK TABLES;

--
-- Table structure for table `titles`
--

DROP TABLE IF EXISTS `titles`;
/*!40101 SET @saved_cs_client     = @@character_set_client */;
/*!50503 SET character_set_client = utf8mb4 */;
CREATE TABLE `titles` (
  `id` int NOT NULL AUTO_INCREMENT,
  `title` varchar(50) DEFAULT NULL,
  `director` varchar(255) NOT NULL,
  `genre` varchar(255) DEFAULT NULL,
  `year_release` year NOT NULL,
  `synopsis` text NOT NULL,
  `category` enum('Movie','Documentary','Animation') DEFAULT NULL,
  PRIMARY KEY (`id`),
  UNIQUE KEY `title_name` (`title`)
) ENGINE=InnoDB AUTO_INCREMENT=7582 DEFAULT CHARSET=utf8mb4 COLLATE=utf8mb4_0900_ai_ci;
/*!40101 SET character_set_client = @saved_cs_client */;

--
-- Dumping data for table `titles`
--

LOCK TABLES `titles` WRITE;
/*!40000 ALTER TABLE `titles` DISABLE KEYS */;
INSERT INTO `titles` VALUES (1,'Blair Witch','Eduardo Sánches/Daniel Myrick','Found Footage',1999,'','Movie'),(2,'The Pyramid','Grégory Levasseur','Horror/Adventure/Found Footage',2014,'','Movie'),(3,'The Sacrament','Ti West','Horror/Drama/Found Footage',2013,'','Movie'),(4,'The Incantation','Jude S. Walko','Horror/Adventure/Found Footage',2018,'','Movie'),(5,'V/H/S: Beyond','Jay Cheel/Jordan Downey/Christian Long/Justin Long/Justin Martinez/Virat Pal/Kate Siegel','Found Footage',2024,'','Movie'),(6,'V/H/S: Halloween','Bryan M. Ferguson/Casper Kelly/R.H. Norman','Found Footage',2025,'','Movie'),(7,'Enemy Mine','Wolfgang Petersen','Sci-Fi',1985,'','Movie'),(8,'Body Snatchers','Abel Ferrara','Sci-Fi',1993,'','Movie'),(9,'Lifeforce','Tobe Hooper','Sci-Fi',1985,'','Movie'),(10,'Batteries Not Included','Matthew Robbins','Sci-Fi',1987,'','Movie'),(11,'The Blob','Chuck Russell','Sci-Fi',1988,'','Movie'),(12,'Flight of the Navigator ','Randal Kleiser','Sci-Fi',1986,'','Movie'),(13,'Starman','John Carpenter','Sci-Fi',1984,'','Movie'),(14,'The Ice Pirates','Stewart Raffill','Sci-Fi',1984,'','Movie'),(15,'Heavy Metal','John Bruno/John Halas/Julian Harris','Sci-Fi/Animation',1981,'','Animation'),(16,'Heavy Metal 2','Michael Coldewey/Michel Lemire','Sci-Fi/Animation',2000,'','Animation'),(17,'Repo Men','Alex Cox','Sci-Fi',1984,'','Movie'),(18,'The Hidden','Jack Sholder','Sci-Fi',1987,'','Movie'),(19,'Brazil','Terry Gilliam','Sci-Fi',1985,'','Movie'),(20,'The Fifth Element','Luc Besson','Sci-Fi',1997,'','Movie'),(21,'The Day The Earth Stood Still (Remake)','Scott Derrickson','Sci-Fi',2008,'','Movie'),(22,'Dredd 2','Pete Travis','Sci-Fi',2012,'','Movie'),(23,'Solaris','Steven Soderbergh','Sci-Fi',2002,'','Movie'),(24,'Fly Me To The Moon','Greg Berlanti','Sci-Fi',2024,'','Movie'),(25,'Ad Astra','James Gray','Sci-Fi',2019,'','Movie'),(26,'Equilibrium','Kurt Wimmer','Sci-Fi',2005,'','Movie'),(27,'Kingdom Of The Planet Of The Apes','Wes Ball','Sci-Fi',2024,'','Movie'),(28,'Leave The World Behind','Sam Esmail','Sci-Fi',2023,'','Movie'),(29,'Megalopolis','Francis Ford Coppola','Sci-Fi',2024,'','Movie'),(30,'The Day The Earth Stood Still','Robert Wise','Sci-Fi',1951,'','Movie'),(31,'The Thing From Another World','Christian Nyby/Howard Hawks','Sci-Fi',1951,'','Movie'),(32,'The Thing','John Carpenter','Sci-Fi',1982,'','Movie'),(33,'The Fly I','David Cronenberg','Sci-Fi',1986,'','Movie'),(34,'The Fly II','Chris Walas','Sci-Fi',1989,'','Movie'),(35,'Alienator','Fred Olen Ray','Sci-Fi',1990,'','Movie'),(36,'Elevation','George Nolfi','Sci-Fi',2024,'','Movie'),(37,'Companion','Drew Hancock','Sci-Fi',2025,'','Movie'),(38,'The Dark And The Wicked','Bryan Bertino','Horror/Thriller',2020,'','Movie'),(39,'Frankenstein','Paul McGuigan','Horror/Thriller',2015,'','Movie'),(40,'Midsommar','Ari Aster','Horror/Thriller',2019,'','Movie'),(41,'In A Violent Nature','Chris Nash','Horror/Thriller',2024,'','Movie'),(42,'MaXXXine','Ti West','Horror/Thriller',2024,'','Movie'),(43,'The Watchers','Ishana Shyamalan','Horror/Thriller',2024,'','Movie'),(44,'Bird Box','Susanne Bier','Horror/Thriller/Sci-Fi',2018,'','Movie'),(45,'The House Of The Devil','Ti West','Horror/Thriller',2009,'','Movie'),(46,'Longlegss','OZ Perkins','Horror/Thriller',2024,'','Movie'),(47,'Apartment 7A','Natalie Erika James','Horror/Thriller',2024,'','Movie'),(48,'The Substance','Coralie Fargeat','Horror/Thriller',2024,'','Movie'),(49,'Speak No Evil (Remake)','James Watkins','Horror/Thriller',2024,'','Movie'),(50,'Never Let Go','Alexandre Aja','Horror/Thriller',2024,'','Movie'),(51,'Shutter','Banjong Pisanthanakun/Parkpoom Wongpoom','Horror/Thriller',2004,'','Movie'),(52,'Lights Out','David F. Sandberg','Horror/Thriller',2016,'','Movie'),(53,'It Follows','David Robert Mitchell','Horror/Thriller/Mystery/Suspense',2015,'','Movie'),(54,'Antrum: The Deadliest Film Ever Made','David Amito/Michael Laicini','Horror/Documentary',2018,'','Movie'),(55,'As Above So Below','John Erick Dowdle','Found Footage',2015,'','Movie'),(56,'Frogman','Anthony Cousins','Found Footage',2023,'','Movie'),(59,'Megan Is Missing','Michael Goi','Found Footage',2011,'','Movie'),(60,'Invasion Of The Body Snatchers','Philip Kaufman','Horror/Thriller/Sci-Fi',1978,'','Movie'),(61,'Speak No Evil','Christian Tafdrup','Horror/Thriller',2022,'','Movie'),(62,'Mad Max 1','George Miller','Action/Sci-Fi',1979,'','Movie'),(63,'Ben-Hur','Willian Wayler','Action/Adventure',1959,'','Movie'),(64,'Judge Dredd','Danny Cannon','Sci-Fi/Action',1995,'','Movie'),(65,'Vampires','John Carpenter','Horror/Thriller',1998,'','Movie'),(66,'In The Mouth Of Madness','John Carpenter','Horror/Thriller/Cosmic Horror',1994,'','Movie'),(67,'Atrocious','Fernando Barreda Luna','Found Footage',2010,'','Movie'),(68,'August Undergrounds Mordum','Jerami Cruise/Killjoy/Michael Todd Schneider/Fred Vogel/Cristie Whiles','Found Fotage/Horror/Slasher',2003,'','Movie'),(69,'Be My Cat','Adrian Țofei','Found Footage',2015,'','Movie'),(70,'The Taking Of Deborah Logan','Adam Robitel','Horror/Thriller/Found Footage',2015,'','Movie'),(71,'Diary of The Dead','George A. Romero','Horror/Sci-Fi/Found Footage',2007,'','Movie'),(72,'Grave Encounters','Colin Minihan/Stuart Ortiz','Found Footage/Horror',2011,'','Movie'),(73,'The Houses October Built','Bobby Roe','Horror/Suspense',2014,'','Movie'),(74,'The Poughkeepsie Tapes','John Erick Dowdle','Horror/Mistery',2007,'','Movie'),(75,'Host','Rob Savage','Horror/Mistery',2020,'','Movie'),(106,'Daddys Head','Benjamin Barfoot','Horror/Thriller',2024,'','Movie'),(107,'Carnage','Andy Milligan','Horror/Thriller',1984,'','Movie'),(108,'Cruising','William Friedkin','Crime/Horror/Thriller',1980,'','Movie'),(109,'End of Days','Peter Hyams','Horror/Thriller',1999,'','Movie'),(110,'Blink Twice','Zoë Kravitz','Horror/Thriller',2024,'','Movie'),(111,'Y2K','Kyle Mooney','Horror/Thriller/Sci-Fi',2024,'','Movie'),(112,'Frankenstein (1981)','James Whale','Horror/Thriller/Sci-Fi',1981,'','Movie'),(113,'Dracula','Tod Browning/Karl Freund','Horror/Thriller',1931,'','Movie'),(114,'Freaks','Tod Browning','Horror/Thriller',1931,'','Movie'),(115,'The Old Dark house','William Castle','Horror/Thriller',1931,'','Movie'),(116,'The Bride Of Frankenstein','James Whale','Horror/Thriller',1935,'','Movie'),(117,'Nosferatu','Robert Eggers','Horror/Thriller',2024,'','Movie'),(118,'The Omega Man','Boris Sagal','Horror/Thriller/Sci-Fi/Dystopian',1971,'','Movie'),(119,'Suspiria','Dario Argento','Horror/Thriller',1977,'','Movie'),(120,'Suspiria (2018)','Luca Guadagnino','Horror/Thriller',2018,'','Movie'),(121,'Tusk','Kevin Smith','Horror/Thriller',2014,'','Movie'),(122,'Pulse','Kiyoshi Kurosawa','Horror/Thriller',2001,'','Movie'),(123,'Cure','Kiyoshi Kurosawa','Horror/Thriller',1997,'','Movie'),(124,'Heretic','Scott Beck/Bryan Woods','Horror/Thriller',2024,'','Movie'),(125,'Smile 2','Parker Finn','Horror/Thriller',2024,'','Movie'),(126,'Wolfman','Leigh Whannell','Horror/Thriller',2025,'','Movie'),(127,'The Wolfman','George Waggner','Horror/Thriller',1941,'','Movie'),(128,'Final Destination: Bloodlines','Zach LipovskyAdam B. Stein','Horror/Thriller',2025,'','Movie'),(129,'Dead of Night','Alberto Cavalcanti/Charles Crichton/Basil Dearden','Horror/Thriller',1945,'','Movie'),(130,'House of Wax','André De Toth','Horror/Thriller',1953,'','Movie'),(131,'I walked with a Zombie','Jacques Tourneur','Horror/Thriller',1943,'','Movie'),(132,'Jacob’s Ladder','Adrian Lyne','Horror/Thriller',1990,'','Movie'),(133,'Lord of Illusions','Clive Barker','Horror/Thriller',1995,'','Movie'),(134,'The Invisible man','James Whale','Horror/Thriller',1933,'','Movie'),(135,'Eddington','Ari Aster','Drama',2025,'','Movie'),(136,'Bring Her Back','Danny Philippou/Michael Philippou','Horror/Thriller',2025,'','Movie'),(137,'28 Years Later','Danny Boyle','Horror/Thriller',2025,'','Movie'),(138,'Weapons','Zach Cregger','Horror/Thriller',2025,'','Movie'),(139,'The Conjuring: Last Rites','Michael Chaves','Horror/Thriller',2025,'','Movie'),(140,'Apocalypto','Mel Gibson','Horror/Thriller',2006,'','Movie'),(141,'Fear Below','Matthew Holmes','Horror/Thriller',2025,'','Movie'),(142,'Venom: The Last Dance','Kelly Marcel','Action',2024,'','Movie'),(143,'Gladiador II','Ridley Scott','Action',2024,'','Movie'),(144,'Falling Down','Joel Schumacher','Action',1993,'','Movie'),(145,'The Eagle','Kevin Macdonald','Action',2011,'','Movie'),(146,'Kraven','J.C. Chandor','Action',2024,'','Movie'),(147,'Armor','Justin Routt','Action',2024,'','Movie'),(148,'Godzilla X Kong: The New Empire','Adam Wingard','Action',2024,'','Movie'),(149,'Tenet','Christopher Nolan','Action',2020,'','Movie'),(150,'Mission Impossible: The Final Reckoning','Christopher McQuarrie','Action',2024,'','Movie'),(151,'Mystic River','Clint Eastwood','Crime/Drame',2003,'','Movie'),(152,'Red Lights','Rodrigo Cortés','Crime/Drama',2012,'','Movie'),(153,'The Alto Knights','Barry Levinson','Crime',2025,'','Movie'),(154,'The Unholy Trinity','Richard Gray','Crime',2025,'','Movie'),(155,'Legend','Ridley Scott','Dark Fantasy',1985,'','Movie'),(156,'The Dark Crystal','Jim Henson/Frank Oz','Dark Fantasy',1982,'','Movie'),(157,'The Never Ending Story','','Dark Fantasy',1984,'','Movie'),(158,'Melancholia','Lars von Trier','Drama',2011,'','Movie'),(159,'The Crucible','Nicholas Hytner','Drama',1996,'','Movie'),(160,'A Different Man','Aaron Schimberg','Drama',2024,'','Movie'),(161,'Slumdog Millionaire','Danny Boyle/Loveleen Tandan','Drama',2008,'','Movie'),(162,'The Lord Of The Rings: The War Of Rohirrim','Kenji Kamiyama','Epic/Fantasy/Dark Fantasy/Medieval',2024,'','Animation'),(163,'The Lord Of The Rings','Ralph Bakshi','Epic/Fantasy/Dark Fantasy/Medieval',1978,'','Animation'),(164,'Pandemic: The People, The Conspiracy, The Journey','Stephen Presley','Documentary/Drama',2020,'','Documentary'),(165,'Avicii: I\'m Tim','Henrik Burman','Documentary/Biography',2024,'','Documentary'),(166,'Conan: The Destroyer','Richard Fleischer','Medieval/Dark Fantasy',1984,'','Movie'),(167,'Conan: The Barbarian','John Milius','Medieval/Dark Fantasy',1982,'','Movie'),(168,'The Northman','Robert Eggers','Medieval',2024,'','Movie'),(169,'The Sword And The Sorcerer','Albert Pyun','Medieval/Dark Fantasy',1982,'','Movie'),(170,'Waterloo','Sergey Bondarchuk','War',1970,'','Movie'),(171,'Cinderela Man','Ron Howard','Biography/Drama',2005,'','Movie'),(172,'Time Cop','Peter Hyams','Sci-Fi/Crime',1994,'','Movie'),(173,'Black Phone 2','Scott Derrickson','Horror/Thriller',2025,'','Movie'),(174,'Dark City','Alex Proyas','Mitery/Sci-Fi',1998,'','Movie'),(175,'Ghost In The Shell','Rupert Sanders','Action/Sci-Fi',2017,'','Movie'),(201,'Blade Runner 2049','Denis Villeneuve','Sci-Fi',2017,'','Movie'),(202,'Taxi Driver','Martin Scorsese','Drama/Crime',1976,'','Movie'),(203,'2001: A Space Odyssey','Stanley Kubrick','Sci-Fi',1968,'','Movie'),(204,'Blade Runner','Ridley Scott','Sci-Fi',1982,'','Movie'),(205,'Lord Of The Rings: Fellowship of the Ring','Peter Jackson','Fantasy',2001,'','Movie'),(206,'Drive','Nicolas Winding Refn','Crime/Drama',2011,'','Movie'),(207,'Apocalypse Now','Francis Ford Coppola','War/Drama',1979,'','Movie'),(208,'There Will Be Blood','Paul Thomas Anderson','Drama',2007,'','Movie'),(209,'Mulholland Drive','David Lynch','Mystery/Thriller',2001,'','Movie'),(210,'The Good, The Bad and the Ugly','Sergio Leone','Western',1966,'','Movie'),(211,'Eyes Wide Shut','Stanley Kubrick','Drama/Mystery',1999,'','Movie'),(212,'The Dark Knight Rises','Christopher Nolan','Action',2012,'','Movie'),(213,'No Country For Old Men','Joel & Ethan Coen','Crime/Thriller',2007,'','Movie'),(214,'Das Boot','Wolfgang Petersen','War/Drama',1981,'','Movie'),(215,'Goodfellas','Martin Scorsese','Crime/Drama',1990,'','Movie'),(216,'Lawrence Of Arabia','David Lean','Adventure/Drama',1962,'','Movie'),(217,'Barry Lyndon','Stanley Kubrick','Drama',1975,'','Movie'),(218,'The Godfather','Francis Ford Coppola','Crime/Drama',1972,'','Movie'),(219,'Pulp Fiction','Quentin Tarantino','Crime',1994,'','Movie'),(220,'Heat','Michael Mann','Crime/Action',1995,'','Movie'),(221,'Terminator 2','James Cameron','Sci-Fi/Action',1991,'','Movie'),(222,'The Shining','Stanley Kubrick','Horror',1980,'','Movie'),(223,'Gladiator','Ridley Scott','Action/Drama',2000,'','Movie'),(224,'For A Few Dollars More','Sergio Leone','Western',1965,'','Movie'),(225,'American Psycho','Mary Harron','Thriller',2000,'','Movie'),(226,'The Matrix','Lana & Lilly Wachowski','Sci-Fi',1999,'','Movie'),(227,'Alien','Ridley Scott','Sci-Fi/Horror',1979,'','Movie'),(228,'Jurassic Park','Steven Spielberg','Sci-Fi/Adventure',1993,'','Movie'),(229,'Stalker','Andrei Tarkovsky','Sci-Fi/Drama',1979,'','Movie'),(230,'Star Wars - A New Hope','George Lucas','Sci-Fi',1977,'','Movie'),(231,'Amadeus','Miloš Forman','Drama/Biography',1984,'','Movie'),(232,'Die Hard','John McTiernan','Action',1988,'','Movie'),(233,'Star Wars - Revenge of the Sith','George Lucas','Sci-Fi',2005,'','Movie'),(234,'La La Land','Damien Chazelle','Musical/Romance',2016,'','Movie'),(235,'The Dark Knight','Christopher Nolan','Action/Crime',2008,'','Movie'),(236,'A Clockwork Orange','Stanley Kubrick','Sci-Fi/Crime',1971,'','Movie'),(237,'Once Upon a Time in America','Sergio Leone','Crime/Drama',1984,'','Movie'),(238,'Predator','John McTiernan','Sci-Fi/Action',1987,'','Movie'),(239,'The Assassination Of Jesse James..','Andrew Dominik','Western/Drama',2007,'','Movie'),(240,'Oldboy','Park Chan-wook','Thriller',2003,'','Movie'),(241,'Lord of the Rings: Return of the King','Peter Jackson','Fantasy',2003,'','Movie'),(242,'Lord of the Rings: The Two Towers','Peter Jackson','Fantasy',2002,'','Movie'),(243,'Seven Samurai','Akira Kurosawa','Adventure/Drama',1954,'','Movie'),(244,'Batman Vs Superman','Zack Snyder','Action/Superhero',2016,'','Movie'),(245,'The End of Evangelion','Hideaki Anno','Animation/Sci-Fi',1997,'','Animation'),(246,'Blue Velvet','David Lynch','Mystery/Thriller',1986,'','Movie'),(247,'The Big Lebowski','Joel & Ethan Coen','Comedy',1998,'','Movie'),(248,'Star Wars: Empire Strikes Back','Irvin Kershner','Sci-Fi',1980,'','Movie'),(249,'Black Panther','Ryan Coogler','Action/Superhero',2018,'','Movie'),(327,'The Godfather: Part II','Francis Ford Coppola','Crime/Drama',1974,'','Movie'),(328,'Eraserhead','David Lynch','Horror',1977,'','Movie'),(329,'Casino','Martin Scorsese','Crime/Drama',1995,'','Movie'),(330,'It\'s A Wonderful Life','Frank Capra','Drama/Fantasy',1946,'','Movie'),(331,'Fight Club','David Fincher','Drama',1999,'','Movie'),(332,'Eternal Sunshine of a Spotless Mind','Michel Gondry','Romance/Drama',2004,'','Movie'),(333,'Harakiri','Masaki Kobayashi','Drama',1962,'','Movie'),(334,'Only God Forgives','Nicolas Winding Refn','Crime/Drama',2013,'','Movie'),(335,'Nightcrawler','Dan Gilroy','Thriller',2014,'','Movie'),(336,'Ikiru','Akira Kurosawa','Drama',1952,'','Movie'),(337,'Problem Child 2','Brian Levant','Comedy',1991,'','Movie'),(338,'Love Exposure','Sion Sono','Drama',2008,'','Movie'),(339,'Master and Commander','Peter Weir','Adventure/Drama',2003,'','Movie'),(340,'12 Angry Men','Sidney Lumet','Drama',1957,'','Movie'),(341,'Persona','Ingmar Bergman','Drama',1966,'','Movie'),(342,'Wild Strawberries','Ingmar Bergman','Drama',1957,'','Movie'),(343,'Synecdoche, New York','Charlie Kaufman','Drama',2008,'','Movie'),(344,'Memories of Murder','Bong Joon-ho','Crime/Thriller',2003,'','Movie'),(345,'One Flew Over the Cuckoo\'s Nest','Milos Forman','Drama',1975,'','Movie'),(346,'The House That Jack Built','Lars von Trier','Horror/Drama',2018,'','Movie'),(347,'The Tree of Life','Terrence Malick','Drama',2011,'','Movie'),(348,'300','Zack Snyder','Action',2006,'','Movie'),(349,'Platoon','Oliver Stone','War/Drama',1986,'','Movie'),(350,'Akira','Katsuhiro Otomo','Sci-Fi',1988,'','Animation'),(351,'Whiplash','Damien Chazelle','Drama',2014,'','Movie'),(352,'In Bruges','Martin McDonagh','Comedy/Crime',2008,'','Movie'),(353,'Robocop','Paul Verhoeven','Sci-Fi/Action',1987,'','Movie'),(354,'Excalibur','John Boorman','Fantasy',1981,'','Movie'),(355,'City of God','Fernando Meirelles & Kátia Lund','Crime/Drama',2002,'','Movie'),(356,'Interstellar','Christopher Nolan','Sci-Fi',2014,'','Movie'),(357,'Under the Skin','Jonathan Glazer','Sci-Fi',2013,'','Movie'),(358,'Come and See','Elem Klimov','War/Drama',1985,'','Movie'),(359,'Lost in Translation','Sofia Coppola','Drama/Romance',2003,'','Movie'),(360,'Mirror','Andrei Tarkovsky','Drama',1975,'','Movie'),(361,'Chungking Express','Wong Kar-wai','Drama/Romance',1994,'','Movie'),(362,'The Shawshank Redemption','Frank Darabont','Drama',1994,'','Movie'),(363,'The Silence of the Lambs','Jonathan Demme','Thriller',1991,'','Movie'),(529,'Aliens','James Cameron','Sci-Fi',1986,'','Movie'),(530,'Gattaca','Andrew Niccol','Sci-Fi',1997,'','Movie'),(531,'Forbidden Planet','Fred M. Wilcox','Sci-Fi',1956,'','Movie'),(532,'Primer','Shane Carruth','Sci-Fi',2004,'','Movie'),(533,'Children of Men','Alfonso Cuarón','Sci-Fi',2006,'','Movie'),(534,'Dune','David Lynch','Sci-Fi',1984,'','Movie'),(535,'Event Horizon','Paul W. S. Anderson','Sci-Fi/Horror',1997,'','Movie'),(536,'District 9','Neill Blomkamp','Sci-Fi',2009,'','Movie'),(537,'Europa Report','Sebastián Cordero','Sci-Fi',2013,'','Movie'),(538,'Gravity','Alfonso Cuarón','Sci-Fi',2013,'','Movie'),(539,'Sunshine','Danny Boyle','Sci-Fi',2007,'','Movie'),(540,'Moon','Duncan Jones','Sci-Fi',2009,'','Movie'),(541,'Ex Machina','Alex Garland','Sci-Fi',2014,'','Movie'),(542,'A.I.','Steven Spielberg','Sci-Fi',2001,'','Movie'),(543,'Minority Report','Steven Spielberg','Sci-Fi',2002,'','Movie'),(544,'Total Recall','Paul Verhoeven','Sci-Fi',1990,'','Movie'),(545,'Avatar','James Cameron','Sci-Fi',2009,'','Movie'),(546,'Silent Running','Douglas Trumbull','Sci-Fi',1972,'','Movie'),(547,'12 Monkeys','Terry Gilliam','Sci-Fi',1995,'','Movie'),(548,'Escape from New York','John Carpenter','Sci-Fi/Action',1981,'','Movie'),(549,'Star Trek: The Motion Picture','Robert Wise','Sci-Fi',1979,'','Movie'),(550,'Star Trek II: The Wrath of Khan','Nicholas Meyer','Sci-Fi',1982,'','Movie'),(551,'Planet of the Apes','Franklin J. Schaffner','Sci-Fi',1968,'','Movie'),(552,'Tron: Legacy','Joseph Kosinski','Sci-Fi',2010,'','Movie'),(553,'Elysium','Neill Blomkamp','Sci-Fi',2013,'','Movie'),(554,'The Martian','Ridley Scott','Sci-Fi',2015,'','Movie'),(555,'The Terminator','James Cameron','Sci-Fi',1984,'','Movie'),(556,'Terminator 2: Judgment Day','James Cameron','Sci-Fi',1991,'','Movie'),(557,'Metropolis','Fritz Lang','Sci-Fi',1927,'','Movie'),(558,'WALL-E','Andrew Stanton','Sci-Fi',2008,'','Movie'),(559,'Ghost in the Shell (1995)','Mamoru Oshii','Sci-Fi',1995,'','Animation'),(689,'Her','Spike Jonze','Romance/Drama',2013,'','Movie'),(690,'Kramer Vs. Kramer','Robert Benton','Drama',1979,'','Movie'),(691,'Tropa de Elite','José Padilha','Crime/Drama',2007,'','Movie'),(692,'The Hunt','Thomas Vinterberg','Drama',2012,'','Movie'),(693,'Shame','Steve McQueen','Drama',2011,'','Movie'),(694,'Under the Silver Lake','David Robert Mitchell','Mystery/Thriller',2018,'','Movie'),(695,'Full Metal Jacket','Stanley Kubrick','War/Drama',1987,'','Movie'),(696,'Demolition','Jean-Marc Vallée','Drama',2015,'','Movie'),(697,'Be With You','Lee Jang-soo','Romance/Drama',2004,'','Movie'),(698,'Sound of Metal','Darius Marder','Drama',2019,'','Movie'),(699,'O Cheiro do Ralo','Heitor Dhalia','Drama',2006,'','Movie'),(700,'Le Samouraï','Jean-Pierre Melville','Crime/Thriller',1967,'','Movie'),(701,'Awakenings','Penny Marshall','Drama',1990,'','Movie'),(702,'Call Me By Your Name','Luca Guadagnino','Romance/Drama',2017,'','Movie'),(703,'The Count of Monte Cristo','Kevin Reynolds','Adventure',2002,'','Movie'),(704,'The Deer Hunter','Michael Cimino','Drama/War',1978,'','Movie'),(705,'The Truman Show','Peter Weir','Drama',1998,'','Movie'),(706,'The Bridge on the River Kwai','David Lean','War/Drama',1957,'','Movie'),(707,'The Killing Fields','Roland Joffé','Drama/War',1984,'','Movie'),(708,'Palm Springs','Max Barbakow','Romance/Comedy',2020,'','Movie'),(709,'Rush','Ron Howard','Drama/Sport',2013,'','Movie'),(710,'The Passion of the Christ','Mel Gibson','Drama',2004,'','Movie'),(711,'Green Street Hooligans','Lexi Alexander','Drama/Crime',2005,'','Movie'),(712,'Enemy','Denis Villeneuve','Thriller',2013,'','Movie'),(713,'Saturday Night Fever','John Badham','Drama/Music',1977,'','Movie'),(714,'The Searchers','John Ford','Western',1956,'','Movie'),(715,'Rocky','John G. Avildsen','Drama/Sport',1976,'','Movie'),(716,'The Road','John Hillcoat','Drama',2009,'','Movie'),(717,'The Graduate','Mike Nichols','Comedy/Drama',1967,'','Movie'),(718,'Warrior','Gavin O\'Connor','Drama/Sport',2011,'','Movie'),(719,'The Pianist','Roman Polanski','Drama/War',2002,'','Movie'),(720,'Unbreakable','M. Night Shyamalan','Thriller',2000,'','Movie'),(721,'Fargo','Joel & Ethan Coen','Crime/Drama',1996,'','Movie'),(722,'Cloverfield','Matt Reeves','Thriller',2008,'','Movie'),(723,'Trois Couleurs: Blanc','Krzysztof Kieślowski','Drama',1994,'','Movie'),(724,'Eurotrip','Jeff Schaffer','Comedy',2004,'','Movie'),(725,'The Wicker Man','Robin Hardy','Horror',1973,'','Movie'),(726,'Manchester by the Sea','Kenneth Lonergan','Drama',2016,'','Movie'),(727,'Cast Away','Robert Zemeckis','Drama',2000,'','Movie'),(728,'Vanilla Sky','Cameron Crowe','Drama/Romance',2001,'','Movie'),(729,'Into the Wild','Sean Penn','Adventure/Drama',2007,'','Movie'),(3696,'Attack of the 50ft Woman','Nathan H. Juran','Sci-Fi',1958,'','Movie'),(3697,'Robinson Crusoe on Mars','Byron Haskin','Sci-Fi',1964,'','Movie'),(3698,'Seconds','John Frankenheimer','Sci-Fi',1966,'','Movie'),(3699,'The Face of Another','Hiroshi Teshigahara','Sci-Fi',1966,'','Movie'),(3700,'Barbarella','Roger Vadim','Sci-Fi',1968,'','Movie'),(3701,'Je t\'aime, Je t\'aime','Alain Resnais','Sci-Fi',1968,'','Movie'),(3702,'Westworld','Michael Crichton','Sci-Fi',1973,'','Movie'),(3703,'Dark Star','John Carpenter','Sci-Fi',1974,'','Movie'),(3704,'Logan\'s Run','Michael Anderson','Sci-Fi',1976,'','Movie'),(3705,'The Man Who Fell to Earth','Nicolas Roeg','Sci-Fi',1976,'','Movie'),(3706,'Close Encounters of the Third Kind','Steven Spielberg','Sci-Fi',1977,'','Movie'),(3707,'Star Wars: A New Hope','George Lucas','Sci-Fi',1977,'','Movie'),(3708,'Mad Max','George Miller','Sci-Fi/Action',1979,'','Movie'),(3709,'Flash Gordon','Mike Hodges','Sci-Fi',1980,'','Movie'),(3710,'Star Wars: The Empire Strikes Back','Irvin Kershner','Sci-Fi',1980,'','Movie'),(3711,'Outland','Peter Hyams','Sci-Fi',1981,'','Movie'),(3712,'E.T.','Steven Spielberg','Sci-Fi',1982,'','Movie'),(3713,'Tron','Steven Lisberger','Sci-Fi',1982,'','Movie'),(3714,'Videodrome','David Cronenberg','Sci-Fi',1983,'','Movie'),(3715,'2010','Peter Hyams','Sci-Fi',1984,'','Movie'),(3716,'Back to the Future','Robert Zemeckis','Sci-Fi',1985,'','Movie'),(3718,'They Live','John Carpenter','Sci-Fi/Action',1988,'','Movie'),(3719,'On the Silver Globe','Andrzej Żuławski','Sci-Fi',1989,'','Movie'),(3720,'Hardware','Richard Stanley','Sci-Fi',1990,'','Movie'),(3721,'Stargate','Roland Emmerich','Sci-Fi',1994,'','Movie'),(3722,'Contact','Robert Zemeckis','Sci-Fi',1997,'','Movie'),(3723,'eXistenZ','David Cronenberg','Sci-Fi',1999,'','Movie'),(3724,'Galaxy Quest','Dean Parisot','Sci-Fi',1999,'','Movie'),(3725,'Donnie Darko','Richard Kelly','Sci-Fi',2001,'','Movie'),(3726,'Eternal Sunshine of the Spotless Mind','Michel Gondry','Romance/Drama',2004,'','Movie'),(3727,'A Scanner Darkly','Richard Linklater','Sci-Fi',2006,'','Movie'),(3728,'Paprika','Satoshi Kon','Sci-Fi',2006,'','Animation'),(3729,'Inception','Christopher Nolan','Sci-Fi',2010,'','Movie'),(3730,'Never Let Me Go','Mark Romanek','Sci-Fi/Drama',2010,'','Movie'),(3731,'Looper','Rian Johnson','Sci-Fi',2012,'','Movie'),(3732,'Spring','Justin Benson & Aaron Moorhead','Sci-Fi/Romance',2014,'','Movie'),(3733,'Edge of Tomorrow','Doug Liman','Sci-Fi',2014,'','Movie'),(3734,'Predestination','Michael & Peter Spierig','Sci-Fi',2014,'','Movie'),(3735,'Mad Max: Fury Road','George Miller','Sci-Fi/Action',2015,'','Movie'),(3736,'Arrival','Denis Villeneuve','Sci-Fi',2016,'','Movie'),(3737,'Rogue One: A Star Wars Story','Gareth Edwards','Sci-Fi',2016,'','Movie'),(3738,'Okja','Bong Joon-ho','Sci-Fi',2017,'','Movie'),(3739,'Annihilation','Alex Garland','Sci-Fi',2018,'','Movie'),(3740,'A Quiet Place','John Krasinski','Sci-Fi/Horror',2018,'','Movie'),(3741,'High Life','Claire Denis','Sci-Fi',2018,'','Movie'),(3742,'Prospect','Zeek Earl & Chris Caldwell','Sci-Fi',2018,'','Movie'),(3743,'The Vast of Night','Andrew Patterson','Sci-Fi',2019,'','Movie'),(3744,'Possessor','Brandon Cronenberg','Sci-Fi',2020,'','Movie'),(3745,'Sea Fever','Neasa Hardiman','Sci-Fi/Horror',2020,'','Movie'),(3746,'Synchronic','Justin Benson & Aaron Moorhead','Sci-Fi',2020,'','Movie'),(3747,'Prey','Dan Trachtenberg','Sci-Fi/Action',2022,'','Movie'),(3817,'Les Diaboliques','Henri-Georges Clouzot','Mystery/Horror/Thriller',1955,'','Movie'),(3818,'The Night of the Hunter','Charles Laughton','Mystery/Horror/Thriller',1955,'','Movie'),(3819,'House on Haunted Hill','William Castle','Mystery/Horror/Thriller',1959,'','Movie'),(3820,'Eyes Without a Face','Georges Franju','Mystery/Horror/Thriller',1960,'','Movie'),(3821,'Peeping Tom','Michael Powell','Mystery/Horror/Thriller',1960,'','Movie'),(3822,'Psycho','Alfred Hitchcock','Mystery/Horror/Thriller',1960,'','Movie'),(3823,'The Innocents','Jack Clayton','Mystery/Horror/Thriller',1961,'','Movie'),(3824,'What Ever Happened to Baby Jane?','Robert Aldrich','Mystery/Horror/Thriller',1962,'','Movie'),(3825,'The Birds','Alfred Hitchcock','Mystery/Horror/Thriller',1963,'','Movie'),(3826,'The Haunting','Robert Wise','Mystery/Horror/Thriller',1963,'','Movie'),(3827,'Blood and Black Lace','Mario Bava','Mystery/Horror/Thriller',1964,'','Movie'),(3828,'Repulsion','Roman Polanski','Mystery/Horror/Thriller',1965,'','Movie'),(3829,'Rosemary\'s Baby','Roman Polanski','Mystery/Horror/Thriller',1968,'','Movie'),(3830,'Night of the Living Dead','George A. Romero','Mystery/Horror/Thriller',1968,'','Movie'),(3831,'Don\'t Look Now','Nicolas Roeg','Mystery/Horror/Thriller',1973,'','Movie'),(3832,'The Exorcist','William Friedkin','Mystery/Horror/Thriller',1973,'','Movie'),(3833,'Black Christmas','Bob Clark','Mystery/Horror/Thriller',1974,'','Movie'),(3834,'The Texas Chain Saw Massacre','Tobe Hooper','Mystery/Horror/Thriller',1974,'','Movie'),(3835,'Jaws','Steven Spielberg','Mystery/Horror/Thriller',1975,'','Movie'),(3836,'The Omen','Richard Donner','Mystery/Horror/Thriller',1976,'','Movie'),(3837,'Carrie','Brian De Palma','Mystery/Horror/Thriller',1976,'','Movie'),(3995,'Dawn of the Dead','George A. Romero','Mystery/Horror/Thriller',1978,'','Movie'),(3996,'Halloween','John Carpenter','Mystery/Horror/Thriller',1978,'','Movie'),(3997,'Phantasm','Don Coscarelli','Mystery/Horror/Thriller',1979,'','Movie'),(3998,'The Changeling','Peter Medak','Mystery/Horror/Thriller',1980,'','Movie'),(3999,'Friday the 13th','Sean S. Cunningham','Mystery/Horror/Thriller',1980,'','Movie'),(4000,'Possession','Andrzej Żuławski','Mystery/Horror/Thriller',1981,'','Movie'),(4001,'An American Werewolf in London','John Landis','Mystery/Horror/Thriller',1981,'','Movie'),(4002,'Creepshow','George A. Romero','Mystery/Horror/Thriller',1982,'','Movie'),(4003,'Basket Case','Frank Henenlotter','Mystery/Horror/Thriller',1982,'','Movie'),(4004,'Poltergeist','Tobe Hooper','Mystery/Horror/Thriller',1982,'','Movie'),(4005,'A Nightmare on Elm Street','Wes Craven','Mystery/Horror/Thriller',1984,'','Movie'),(4006,'Fright Night','Tom Holland','Mystery/Horror/Thriller',1985,'','Movie'),(4007,'The Return of the Living Dead','Dan O\'Bannon','Mystery/Horror/Thriller',1985,'','Movie'),(4008,'Demons','Lamberto Bava','Mystery/Horror/Thriller',1985,'','Movie'),(4009,'Re-Animator','Stuart Gordon','Mystery/Horror/Thriller',1985,'','Movie'),(4010,'The Hitcher','Robert Harmon','Mystery/Horror/Thriller',1986,'','Movie'),(4011,'Henry: Portrait of a Serial Killer','John McNaughton','Mystery/Horror/Thriller',1986,'','Movie'),(4012,'Evil Dead II','Sam Raimi','Mystery/Horror/Thriller',1987,'','Movie'),(4013,'The Lost Boys','Joel Schumacher','Mystery/Horror/Thriller',1987,'','Movie'),(4039,'Hellraiser','Clive Barker','Mystery/Horror/Thriller',1987,'','Movie'),(4040,'The Vanishing','George Sluizer','Mystery/Horror/Thriller',1988,'','Movie'),(4041,'Child\'s Play','Tom Holland','Mystery/Horror/Thriller',1988,'','Movie'),(4042,'Pet Sematary','Mary Lambert','Mystery/Horror/Thriller',1989,'','Movie'),(4043,'Jacob\'s Ladder','Adrian Lyne','Mystery/Horror/Thriller',1990,'','Movie'),(4044,'Misery','Rob Reiner','Mystery/Horror/Thriller',1990,'','Movie'),(4045,'Braindead','Peter Jackson','Mystery/Horror/Thriller',1992,'','Movie'),(4046,'Se7en','David Fincher','Mystery/Horror/Thriller',1995,'','Movie'),(4047,'Scream','Wes Craven','Mystery/Horror/Thriller',1996,'','Movie'),(4048,'Ringu','Hideo Nakata','Mystery/Horror/Thriller',1998,'','Movie'),(4049,'The Blair Witch Project','Daniel Myrick & Eduardo Sánchez','Mystery/Horror/Thriller',1999,'','Movie'),(4050,'The Sixth Sense','M. Night Shyamalan','Mystery/Horror/Thriller',1999,'','Movie'),(4051,'Audition','Takashi Miike','Mystery/Horror/Thriller',1999,'','Movie'),(4052,'The Others','Alejandro Amenábar','Mystery/Horror/Thriller',2001,'','Movie'),(4053,'28 Days Later','Danny Boyle','Mystery/Horror/Thriller',2002,'','Movie'),(4054,'Saw','James Wan','Mystery/Horror/Thriller',2004,'','Movie'),(4055,'Shaun of the Dead','Edgar Wright','Mystery/Horror/Thriller',2004,'','Movie'),(4056,'The Descent','Neil Marshall','Mystery/Horror/Thriller',2005,'','Movie'),(4057,'The Devil\'s Rejects','Rob Zombie','Mystery/Horror/Thriller',2005,'','Movie'),(4058,'Inside','Julien Maury & Alexandre Bustillo','Mystery/Horror/Thriller',2007,'','Movie'),(4059,'Rec','Jaume Balagueró & Paco Plaza','Mystery/Horror/Thriller',2007,'','Movie'),(4060,'Let the Right One In','Tomas Alfredson','Mystery/Horror/Thriller',2008,'','Movie'),(4061,'Oculus','Mike Flanagan','Mystery/Horror/Thriller',2013,'','Movie'),(4062,'The Conjuring','James Wan','Mystery/Horror/Thriller',2013,'','Movie'),(4320,'Creep','Patrick Brice','Mystery/Horror/Thriller',2014,'','Movie'),(4321,'The Babadook','Jennifer Kent','Mystery/Horror/Thriller',2014,'','Movie'),(4322,'The VVitch','Robert Eggers','Mystery/Horror/Thriller',2015,'','Movie'),(4323,'Get Out','Jordan Peele','Mystery/Horror/Thriller',2017,'','Movie'),(4324,'It','Andy Muschietti','Mystery/Horror/Thriller',2017,'','Movie'),(4325,'Hereditary','Ari Aster','Mystery/Horror/Thriller',2018,'','Movie'),(4326,'Attack of the 50 Foot Woman','Nathan H. Juran','Mystery/Horror/Thriller',1958,'','Movie'),(4327,'Je t’aime, Je t’aime','Alain Resnais','Mystery/Horror/Thriller',1968,'','Movie'),(4338,'Conquest','John C. Broderick','Fantasy/Adventure',1983,'','Movie'),(4339,'The Beastmaster','Don Coscarelli','Fantasy/Adventure',1982,'','Movie'),(4340,'Krull','Peter Yates','Fantasy/Adventure',1983,'','Movie'),(4341,'Warrior Queen','Ernesto Díaz Espinoza','Fantasy/Adventure',2009,'','Movie'),(4342,'Sorceress','Jack Hill','Fantasy/Adventure',1982,'','Movie'),(4343,'Barbarian Queen','Hugh Parks','Fantasy/Adventure',1985,'','Movie'),(4344,'Hundra','Matt Cimber','Fantasy/Adventure',1983,'','Movie'),(4345,'Gor','Ernest Day','Fantasy/Adventure',1987,'','Movie'),(4346,'Deathstalker','Doug Lefler','Fantasy/Adventure',1983,'','Movie'),(4347,'Red Sonja','Richard Fleischer','Fantasy/Adventure',1985,'','Movie'),(4348,'Amazons','Joe Mari Avellana','Fantasy/Adventure',1986,'','Movie'),(4349,'The Barbarians','Tito Davison','Fantasy/Adventure',1987,'','Movie'),(4350,'Ladyhawke','Richard Donner','Fantasy/Adventure',1985,'','Movie'),(4351,'Dragonslayer','Matthew Robbins','Fantasy/Adventure',1981,'','Movie'),(4352,'Flesh + Blood','Paul Verhoeven','Dark Fantasy',1985,'','Movie'),(4432,'Road House','Rowdy Herrington','Action',1989,'','Movie'),(4433,'Unstoppable','Tony Scott','Action',2010,'','Movie'),(4434,'Shaft','Gordon Parks','Action',1971,'','Movie'),(4435,'The Villainess','Jung Byung-gil','Action',2017,'','Movie'),(4436,'Highlander','Russell Mulcahy','Action/Fantasy',1986,'','Movie'),(4437,'Die Hard 2','Renny Harlin','Action',1990,'','Movie'),(4438,'National Treasure','Jon Turteltaub','Action',2004,'','Movie'),(4439,'The Protector','Prachya Pinkaew','Action/Martial Arts',2005,'','Movie'),(4440,'Revenge','Coralie Fargeat','Action',2017,'','Movie'),(4441,'El Mariachi','Robert Rodriguez','Action',1992,'','Movie'),(4442,'A Touch of Zen','King Hu','Action/Martial Arts',1971,'','Movie'),(4443,'Top Gun','Tony Scott','Action',1986,'','Movie'),(4444,'Con Air','Simon West','Action',1997,'','Movie'),(4445,'The Expendables 2','Simon West','Action',2012,'','Movie'),(4446,'The Mummy','Stephen Sommers','Action/Fantasy',1999,'','Movie'),(4447,'Mr. & Mrs. Smith','Doug Liman','Action',2005,'','Movie'),(4448,'Rush Hour','Brett Ratner','Action',1998,'','Movie'),(4449,'The Equalizer','Antoine Fuqua','Action',2014,'','Movie'),(4450,'Captain America: Civil War','Anthony & Joe Russo','Action/Superhero',2016,'','Movie'),(4451,'Air Force One','Wolfgang Petersen','Action',1997,'','Movie'),(4452,'Bloodsport','Newt Arnold','Action/Martial Arts',1988,'','Movie'),(4453,'Blade','Stephen Norrington','Action/Fantasy',1998,'','Movie'),(4454,'Bad Boys','Michael Bay','Action',1995,'','Movie'),(4455,'Die Hard With a Vengeance','John McTiernan','Action',1995,'','Movie'),(4456,'The Running Man','Paul Michael Glaser','Action/Sci-Fi',1987,'','Movie'),(4457,'Code of Silence','Andrew Davis','Action',1985,'','Movie'),(4458,'Shoot Em Up','Michael Davis','Action',2007,'','Movie'),(4459,'Crank','Neveldine/Taylor','Action',2006,'','Movie'),(4460,'Machete','Robert Rodriguez','Action',2010,'','Movie'),(4461,'Batman','Tim Burton','Action/Superhero',1989,'','Movie'),(4462,'Under Siege','Andrew Davis','Action',1992,'','Movie'),(4463,'Independence Day','Roland Emmerich','Action/Sci-Fi',1996,'','Movie'),(4464,'Bullitt','Peter Yates','Action',1968,'','Movie'),(4465,'Wanted','Timur Bekmambetov','Action',2008,'','Movie'),(4466,'Superman: The Movie','Richard Donner','Action/Superhero',1978,'','Movie'),(4467,'Ronin','John Frankenheimer','Action/Thriller',1998,'','Movie'),(4468,'Cliffhanger','Renny Harlin','Action',1993,'','Movie'),(4469,'The Avengers','Joss Whedon','Action/Superhero',2012,'','Movie'),(4668,'Hot Fuzz','Edgar Wright','Action/Comedy',2007,'','Movie'),(4669,'The Warriors','Walter Hill','Action',1979,'','Movie'),(4670,'Starship Troopers','Paul Verhoeven','Action/Sci-Fi',1997,'','Movie'),(4671,'Elite Squad 2','José Padilha','Action',2010,'','Movie'),(4672,'Point Break','Kathryn Bigelow','Action',1991,'','Movie'),(4673,'The Long Kiss Goodnight','Renny Harlin','Action',1996,'','Movie'),(4674,'The Guest','Adam Wingard','Action/Thriller',2014,'','Movie'),(4675,'Taken','Pierre Morel','Action',2008,'','Movie'),(4676,'True Lies','James Cameron','Action',1994,'','Movie'),(4677,'Demolition Man','Marco Brambilla','Action/Sci-Fi',1993,'','Movie'),(4678,'Hardcore Henry','Ilya Naishuller','Action',2015,'','Movie'),(4679,'Police Story','Jackie Chan','Action/Martial Arts',1985,'','Movie'),(4680,'Brotherhood of the Wolf','Christophe Gans','Action/Fantasy',2001,'','Movie'),(4681,'Kingsman: The Secret Service','Matthew Vaughn','Action',2014,'','Movie'),(4682,'Big Trouble in Little China','John Carpenter','Action/Fantasy',1986,'','Movie'),(4683,'Atomic Blonde','David Leitch','Action',2017,'','Movie'),(4684,'Rumble in the Bronx','Stanley Tong','Action/Martial Arts',1995,'','Movie'),(4685,'District B13','Pierre Morel','Action',2004,'','Movie'),(4686,'Beverly Hills Cop','Martin Brest','Action',1984,'','Movie'),(4687,'Ong-Bak: The Thai Warrior','Prachya Pinkaew','Action/Martial Arts',2003,'','Movie'),(4688,'Collateral','Michael Mann','Action/Thriller',2004,'','Movie'),(4689,'Iron Monkey','Yuen Woo-ping','Action/Martial Arts',1993,'','Movie'),(4690,'Battle Royale','Kinji Fukasaku','Action',2000,'','Movie'),(4691,'Spider-Man 2','Sam Raimi','Action/Superhero',2004,'','Movie'),(4692,'13 Assassins','Takashi Miike','Action/Samurai',2010,'','Movie'),(4693,'Full Contact','Ringo Lam','Action',1992,'','Movie'),(4694,'Indiana Jones and the Last Crusade','Steven Spielberg','Action/Adventure',1989,'','Movie'),(4695,'Kung Fu Hustle','Stephen Chow','Action/Comedy',2004,'','Movie'),(4696,'A Better Tomorrow','John Woo','Action',1986,'','Movie'),(4697,'Iron Man','Jon Favreau','Action/Superhero',2008,'','Movie'),(4698,'The Night Comes for Us','Timo Tjahjanto','Action',2018,'','Movie'),(4699,'Logan','James Mangold','Action/Drama',2017,'','Movie'),(4700,'Goldfinger','Guy Hamilton','Action/Spy',1964,'','Movie'),(4701,'Assault on Precinct 13','John Carpenter','Action',1976,'','Movie'),(4702,'Wonder Woman','Patty Jenkins','Action/Superhero',2017,'','Movie'),(4703,'The Chinese Connection','Lo Wei','Action/Martial Arts',1972,'','Movie'),(4704,'Captain America: The Winter Soldier','Anthony & Joe Russo','Action/Superhero',2014,'','Movie'),(5120,'The French Connection','William Friedkin','Action/Crime',1971,'','Movie'),(5121,'Furious 7','James Wan','Action',2015,'','Movie'),(5122,'La Femme Nikita','Luc Besson','Action/Thriller',1990,'','Movie'),(5123,'Supercop','Stanley Tong','Action/Martial Arts',1992,'','Movie'),(5124,'Dirty Harry','Don Siegel','Action/Crime',1971,'','Movie'),(5125,'X2','Bryan Singer','Action/Superhero',2003,'','Movie'),(5126,'The Fugitive','Andrew Davis','Action/Thriller',1993,'','Movie'),(5127,'Braveheart','Mel Gibson','Action/War',1995,'','Movie'),(5128,'Avengers: Endgame','Anthony & Joe Russo','Action/Superhero',2019,'','Movie'),(5129,'Dredd','Pete Travis','Action/Sci-Fi',2012,'','Movie'),(5130,'The Bourne Identity','Doug Liman','Action/Thriller',2002,'','Movie'),(5131,'Ip Man','Wilson Yip','Action/Martial Arts',2008,'','Movie'),(5132,'Face/Off','John Woo','Action',1997,'','Movie'),(5133,'To Live and Die in L.A.','William Friedkin','Action/Crime',1985,'','Movie'),(5134,'Mission: Impossible - Ghost Protocol','Brad Bird','Action',2011,'','Movie'),(5135,'Fast Five','Justin Lin','Action',2011,'','Movie'),(5136,'Lethal Weapon','Richard Donner','Action',1987,'','Movie'),(5137,'The Rock','Michael Bay','Action',1996,'','Movie'),(5138,'John Wick: Chapter 2','Chad Stahelski','Action',2017,'','Movie'),(5139,'Casino Royale','Martin Campbell','Action/Spy',2006,'','Movie'),(5140,'Baby Driver','Edgar Wright','Action',2017,'','Movie'),(5141,'Fist of Legend','Gordon Chan','Action/Martial Arts',1994,'','Movie'),(5142,'The Killer','John Woo','Action',1989,'','Movie'),(5143,'The Raid 2','Gareth Evans','Action/Martial Arts',2014,'','Movie'),(5144,'Enter the Dragon','Robert Clouse','Action/Martial Arts',1973,'','Movie'),(5145,'Commando','Mark L. Lester','Action',1985,'','Movie'),(5146,'First Blood','Ted Kotcheff','Action',1982,'','Movie'),(5147,'Mission: Impossible - Rogue Nation','Christopher McQuarrie','Action',2015,'','Movie'),(5148,'Kill Bill: Vol. 1','Quentin Tarantino','Action',2003,'','Movie'),(5149,'The Professional','Luc Besson','Action/Thriller',1994,'','Movie'),(5150,'Speed','Jan de Bont','Action',1994,'','Movie'),(5151,'Drunken Master II','Lau Kar-leung','Action/Martial Arts',1994,'','Movie'),(5152,'John Wick','Chad Stahelski','Action',2014,'','Movie'),(5153,'Crouching Tiger, Hidden Dragon','Ang Lee','Action/Fantasy',2000,'','Movie'),(5154,'The Bourne Ultimatum','Paul Greengrass','Action',2007,'','Movie'),(5155,'Mad Max 2: The Road Warrior','George Miller','Action',1981,'','Movie'),(5235,'The Raid: Redemption','Gareth Evans','Action/Martial Arts',2011,'','Movie'),(5236,'Mission: Impossible - Fallout','Christopher McQuarrie','Action',2018,'','Movie'),(5237,'Raiders of the Lost Ark','Steven Spielberg','Action/Adventure',1981,'','Movie'),(5238,'Hard-Boiled','John Woo','Action',1992,'','Movie'),(5393,'1408','Mikael Håfström','Mystery/Horror/Thriller',2007,'','Movie'),(5394,'The Crazies','Breck Eisner','Mystery/Horror/Thriller',2010,'','Movie'),(5395,'Eraser','Chuck Russell','Action/Thriller',1996,'','Movie'),(5396,'Triangle','Christopher Smith','Mystery/Horror/Thriller',2009,'','Movie'),(5397,'Cube','Vincenzo Natali','Mystery/Horror/Thriller',1997,'','Movie'),(5398,'Trick or Treat','Charles Martin Smith','Mystery/Horror/Thriller',1986,'','Movie'),(5399,'Isolation','Bryn Higgins','Mystery/Horror/Thriller',2005,'','Movie'),(5400,'The Objective','Daniel Myrick','Mystery/Horror/Thriller',2008,'','Movie'),(5401,'Session 9','Brad Anderson','Mystery/Horror/Thriller',2001,'','Movie'),(5402,'Lake Mungo','Joel Anderson','Mystery/Horror/Thriller',2008,'','Movie'),(5403,'Day of the Dead','George A. Romero','Mystery/Horror/Thriller',1985,'','Movie'),(5404,'Dead or Alive','Takashi Miike','Action/Thriller',1999,'','Movie'),(5405,'Drag Me to Hell','Sam Raimi','Mystery/Horror/Thriller',2009,'','Movie'),(5406,'The Last House on the Left','Wes Craven','Mystery/Horror/Thriller',1972,'','Movie'),(5407,'Open Water','Chris Kentis','Mystery/Horror/Thriller',2003,'','Movie'),(5408,'Dead Ringers','David Cronenberg','Mystery/Horror/Thriller',1988,'','Movie'),(5409,'The Fly','David Cronenberg','Sci-Fi/Horror',1986,'','Movie'),(5410,'May','Lucky McKee','Mystery/Horror/Thriller',2002,'','Movie'),(6337,'Room 1408','Mikael Håfström','Mystery/Horror/Thriller',2007,'','Movie'),(6338,'Fragile','Andrew Douglas','Mystery/Horror/Thriller',2005,'','Movie'),(6339,'Miracle Mile','Steve De Jarnatt','Mystery/Horror/Thriller',1988,'','Movie'),(6340,'Paranormal Activity','Oren Peli','Mystery/Horror/Thriller',2007,'','Movie'),(6341,'Teeth','Mitchell Lichtenstein','Mystery/Horror/Thriller',2007,'','Movie'),(6342,'The Mist','Frank Darabont','Mystery/Horror/Thriller',2007,'','Movie'),(6343,'Pontypool','Bruce McDonald','Mystery/Horror/Thriller',2008,'','Movie'),(6344,'The Brood','David Cronenberg','Mystery/Horror/Thriller',1979,'','Movie'),(6345,'Dog Soldiers','Neil Marshall','Mystery/Horror/Thriller',2002,'','Movie'),(6346,'Ginger Snaps','John Fawcett','Mystery/Horror/Thriller',2000,'','Movie'),(6347,'Eden Lake','James Watkins','Mystery/Horror/Thriller',2008,'','Movie'),(6348,'Near Dark','Kathryn Bigelow','Mystery/Horror/Thriller',1987,'','Movie'),(7317,'Trick Em Treat','Michael Dougherty','Mystery/Horror/Thriller',2007,'','Movie'),(7318,'The Devil’s Rejects','Rob Zombie','Mystery/Horror/Thriller',2005,'','Movie'),(7319,'Eeden Lake','James Watkins','Mystery/Horror/Thriller',2008,'','Movie'),(7525,'Caltiki: The Immortal Monster','Riccardo Freda & Mario Bava','Sci-Fi',1959,'','Movie'),(7526,'Creature from the Black Lagoon','Jack Arnold','Sci-Fi',1954,'','Movie'),(7527,'Destination Moon','Irwin Allen','Sci-Fi',1950,'','Movie'),(7528,'Donovan\'s Brain','Felix E. Feist','Sci-Fi',1953,'','Movie'),(7529,'Half Human','Tetsuo Yoshida','Sci-Fi',1955,'','Movie'),(7530,'I Married a Monster from Outer Space','Gene Fowler Jr.','Sci-Fi',1958,'','Movie'),(7531,'I Was a Teenage Werewolf','Fred F. Sears','Sci-Fi',1957,'','Movie'),(7532,'Invaders from Mars','William Cameron Menzies','Sci-Fi',1953,'','Movie'),(7533,'Island of Terror','Terence Fisher','Sci-Fi',1966,'','Movie'),(7534,'It! The Terror from Beyond Space','Edward L. Cahn','Sci-Fi',1958,'','Movie'),(7535,'Journey to the Center of the Earth','Henry Levin','Sci-Fi',1959,'','Movie'),(7536,'Night of the Demon','Jacques Tourneur','Sci-Fi',1957,'','Movie'),(7537,'On the Beach','Stanley Kramer','Sci-Fi',1959,'','Movie'),(7538,'Plan 9 from Outer Space','Ed Wood','Sci-Fi',1959,'','Movie'),(7539,'Planet of the Vampires','Mario Bava','Sci-Fi',1965,'','Movie'),(7540,'Red Planet Mars','Harry Horner','Sci-Fi',1952,'','Movie'),(7541,'Robot Monster','Phil Tucker','Sci-Fi',1953,'','Movie'),(7542,'Tarantula','Jack Arnold','Sci-Fi',1955,'','Movie'),(7543,'The Beast from 20,000 Fathoms','Eugene Lourié','Sci-Fi',1953,'','Movie'),(7544,'The Black Scorpion','Edward Ludwig & Izvestiy Antonovich','Sci-Fi',1957,'','Movie'),(7545,'The Brain That Wouldn\'t Die','Joseph Green','Sci-Fi',1962,'','Movie'),(7546,'The Day of the Triffids','Steve Sekely & Freddie Francis','Sci-Fi',1962,'','Movie'),(7547,'The Day the Earth Caught Fire','Val Guest','Sci-Fi',1961,'','Movie'),(7548,'The H-Man','Ishirô Honda','Sci-Fi',1958,'','Movie'),(7549,'The Human Vapor','Ishirô Honda & Ishiro Honda','Sci-Fi',1960,'','Movie'),(7550,'The Incredible Shrinking Man','Jack Arnold','Sci-Fi',1957,'','Movie'),(7551,'The Last Man on Earth','Ubaldo Ragona & Sidney Salkow','Sci-Fi',1964,'','Movie'),(7552,'The Man From Planet X','Edwin L. Marin','Sci-Fi',1951,'','Movie'),(7553,'The Mole People','Virgil W. Vogel','Sci-Fi',1956,'','Movie'),(7554,'The Secret of the Telegian','Jun Fukuda','Sci-Fi',1960,'','Movie'),(7555,'The Time Machine','George Pal','Sci-Fi',1960,'','Movie'),(7556,'The War of the Worlds','Byron Haskin','Sci-Fi',1953,'','Movie'),(7557,'The World, the Flesh and the Devil','Ranald MacDougall','Sci-Fi',1959,'','Movie'),(7558,'Them!','Gordon Douglas','Sci-Fi',1954,'','Movie'),(7559,'This Island Earth','Joseph M. Newman & Jack Arnold','Sci-Fi',1955,'','Movie'),(7560,'Village of the Damned','Wolf Rilla','Sci-Fi',1960,'','Movie'),(7561,'When Worlds Collide','Rudolph Maté','Sci-Fi',1951,'','Movie'),(7562,'X: The Man with the X-Ray Eyes','Roger Corman','Sci-Fi',1963,'','Movie'),(7563,'Frankenstein (2025)','Guillermo del Toro','Horror/Thriller',2025,'','Movie'),(7564,'Predator: Badlands','Dan Trachtenberg','Sci-Fi/Action',2025,'','Movie'),(7565,'Dracula: A Love Tale','Luc Besson','Vampires/Horror/Romance',2025,'','Movie'),(7566,'Alien: Prometheus','Ridley Scott','Sci-Fi/Thriller/Slasher',2012,'','Movie'),(7567,'Hellraiser (2022)','David Bruckner','Horror/Thriller/Slasher',2022,'','Movie'),(7569,'Alien: Ressurection','Jean-Pierre Jeunet','Sci-Fi/Thriller/Slasher',1997,'','Movie'),(7570,'Alien: Covenant','Ridley Scott','Sci-Fi/Thriller/Slaher',2017,'','Movie'),(7571,'Alien: Romulus','Fede Alvarez','Sci-Fi/Thriller/Slaher',2024,'','Movie'),(7572,'Alien³','David Fincher','Sci-Fi/Thriller/Slaher',1992,'','Movie'),(7579,'Pirates Of Silicon Valley','Martyn Burke','Drama/Biography/History',1999,'History of Apple and Microsoft.','Movie'),(7580,'Sleepwalkers','Mick Garris','Fantasy/Horror/Monster Horror/Cosmic Horror',1992,'A mother-and-son team of shapeshifters move to a small town to seek out a young virgin to feed on.','Movie'),(7581,'The Imitation Game','Morten Tyldum','War/Period Drama/Psychological Drama/Tragedy/Biography/Drama',2014,'During World War II, the English mathematical genius Alan Turing tries to crack the German Enigma code with help from fellow mathematicians while attempting to come to terms with his troubled private life.','Movie');
/*!40000 ALTER TABLE `titles` ENABLE KEYS */;
UNLOCK TABLES;

--
-- Table structure for table `users`
--

DROP TABLE IF EXISTS `users`;
/*!40101 SET @saved_cs_client     = @@character_set_client */;
/*!50503 SET character_set_client = utf8mb4 */;
CREATE TABLE `users` (
  `id` int NOT NULL AUTO_INCREMENT,
  `user_name` varchar(50) NOT NULL,
  `email` varchar(50) NOT NULL,
  PRIMARY KEY (`id`),
  UNIQUE KEY `user_name` (`user_name`),
  UNIQUE KEY `email` (`email`),
  UNIQUE KEY `name` (`user_name`),
  UNIQUE KEY `user_name_2` (`user_name`)
) ENGINE=InnoDB AUTO_INCREMENT=7 DEFAULT CHARSET=utf8mb4 COLLATE=utf8mb4_0900_ai_ci;
/*!40101 SET character_set_client = @saved_cs_client */;

--
-- Dumping data for table `users`
--

LOCK TABLES `users` WRITE;
/*!40000 ALTER TABLE `users` DISABLE KEYS */;
INSERT INTO `users` VALUES (1,'Vin Martins','vinmartins@localcinema.com'),(2,'Peewee Brothers','peeweebrothers@localcinema.com'),(3,'João Da Silva','joaodasilva@localcinema.com'),(4,'Maria Da Silva','mariadasilva@localcinema.com'),(5,'Lucas do Refúgio cult','lucasdorefugiocult@localcinema.com');
/*!40000 ALTER TABLE `users` ENABLE KEYS */;
UNLOCK TABLES;

--
-- Table structure for table `watchlist`
--

DROP TABLE IF EXISTS `watchlist`;
/*!40101 SET @saved_cs_client     = @@character_set_client */;
/*!50503 SET character_set_client = utf8mb4 */;
CREATE TABLE `watchlist` (
  `id` int NOT NULL AUTO_INCREMENT,
  `title_name` varchar(100) DEFAULT NULL,
  `director` varchar(50) DEFAULT NULL,
  `year_release` year NOT NULL,
  `genre` varchar(50) NOT NULL,
  `category` enum('Movie','Serie','Documentary','Animation') DEFAULT NULL,
  PRIMARY KEY (`id`),
  UNIQUE KEY `title_name` (`title_name`)
) ENGINE=InnoDB AUTO_INCREMENT=61 DEFAULT CHARSET=utf8mb4 COLLATE=utf8mb4_0900_ai_ci;
/*!40101 SET character_set_client = @saved_cs_client */;

--
-- Dumping data for table `watchlist`
--

LOCK TABLES `watchlist` WRITE;
/*!40000 ALTER TABLE `watchlist` DISABLE KEYS */;
INSERT INTO `watchlist` VALUES (1,'Cat People','Jacques Tourneur',1942,'Horror','Movie'),(2,'Day Of The Warrior','Andy Sidaris',1996,'Action/Adventure','Movie'),(3,'Deathstalker','James Sbardellati',1983,'Action/Adventure/Medieval/Dark Fantasy','Movie'),(4,'Deathstalker (2025)','Steven Kostanski',2025,'Action/Adventure/Medieval/Dark Fantasy','Movie'),(6,'F1: The Movie','Joseph Kosinski',2025,'Action/Race/Sport','Movie'),(8,'I Am Joe Frazier','Pete McCormack',2025,'Documentary','Documentary'),(9,'Jurassic World: Rebirth','Gareth Edwards',2025,'Action/Adventure','Movie'),(10,'Les Diaboliques','Henri-Georges Clouzot',1955,'Horror/Mistery','Movie'),(11,'Oblivion','Joseph Kosinski',2013,'Sci Fi/Action','Movie'),(12,'One Battle After Another','Paul Thomas Anderson',2025,'Drama/Action','Movie'),(13,'Soylenth Green','Richard Fleischer',1973,'Sci Fi/Thriller','Movie'),(14,'The Black Cat','Edgar G. Ulmer',1934,'Horror/Mistery','Movie'),(15,'The Divide','Xavier Gens',2011,'Sci Fi/Dystopian/Horror','Movie'),(16,'The Occupant','Hugo Keijzer',2025,'Sci Fi/Mystery/Suspense/Drama','Movie'),(17,'The Relic','Peter Hyams',1997,'Suspense/Horror/Sci Fi/Mystery','Movie'),(18,'The Ritual','David Bruckner',2017,'Horror/Thriller','Movie'),(19,'The Night Of The Hunter','',1955,'Noir/Drama/Suspense/Crime/Horror','Movie'),(20,'This Island Earth','Joseph M. Newman/Jack Arnold',1955,'Sci Fi/Horror/Mystery','Movie'),(21,'Vampyr','Carl Theodor Dreyer',1932,'Dark Fantasy/Horror','Movie'),(22,'Godzilla','Ishirō Honda',1954,'Sci Fi/Horror','Movie'),(23,'The Warrior And The Sorceress','John Broderick',1984,'Dark Fantasy/Medieval','Movie'),(24,'Threads','Mick Jackson',1984,'Sci Fi/Dystopian/Horror','Movie'),(43,'Alien','Ridley Scott',1979,'Sci-Fi/Thriller','Movie'),(44,'Aliens','James Cameron',1986,'Sci-Fi/Thriller','Movie'),(45,'Alien³','David Fincher',1992,'Sci-Fi/Thriller','Movie'),(46,'Blade Runner 2049','Denis Villeneuve',2017,'Sci-Fi','Movie'),(47,'Blade Runner','Ridley Scott',1982,'Sci-Fi','Movie'),(48,'Dead Of Night','Bob Clark',1974,'Horror/Drama/Thriller','Movie'),(49,'The Evil Dead (Evil Dead I)','',1981,'Horror/Thriller/Slasher','Movie'),(50,'Evil Dead II','Sam Raimi',1987,'Horror/Thriller/Slasher','Movie'),(51,'Army Of Darkness (Evil Dead III)','Sam Raimi',1982,'Horror/Thriller/Slasher','Movie'),(52,'Evil Dead IV','Fede Alvarez',2013,'Horror/Thriller/Slasher','Movie'),(53,'Evil Dead Raise (Evil Dead V)','Lee Cronin',2023,'Horror/Thriller/Slasher','Movie'),(54,'Hellraiser','Clive Barker',1987,'Horror/Thriller/Slasher','Movie'),(55,'Hellraiser (2022)','David Bruckner',2022,'Horror/Thriller/Slasher','Movie'),(56,'Hellraiser: Hellbound (Hellraiser II)','Tony Randel',1988,'Horror/Thriller/Slasher','Movie'),(57,'Hereditary','Ari Aster',2018,'Horror/Thriller','Movie'),(58,'House Of Wax','André De Toth',1953,'Horror/Thriller','Movie'),(59,'Sinners','Ryan Coogler',2025,'Action/Drama/Horror','Movie'),(60,'Animatrix','Peter Chung/Andrew R. Jones/Yoshiaki Kawajiri',2003,'Sci-Fi','Animation');
/*!40000 ALTER TABLE `watchlist` ENABLE KEYS */;
UNLOCK TABLES;

--
-- Dumping routines for database 'local_cinema'
--
/*!40103 SET TIME_ZONE=@OLD_TIME_ZONE */;

/*!40101 SET SQL_MODE=@OLD_SQL_MODE */;
/*!40014 SET FOREIGN_KEY_CHECKS=@OLD_FOREIGN_KEY_CHECKS */;
/*!40014 SET UNIQUE_CHECKS=@OLD_UNIQUE_CHECKS */;
/*!40101 SET CHARACTER_SET_CLIENT=@OLD_CHARACTER_SET_CLIENT */;
/*!40101 SET CHARACTER_SET_RESULTS=@OLD_CHARACTER_SET_RESULTS */;
/*!40101 SET COLLATION_CONNECTION=@OLD_COLLATION_CONNECTION */;
/*!40111 SET SQL_NOTES=@OLD_SQL_NOTES */;

-- Dump completed on 2026-01-05 12:12:47
